{
  "feature_cols": [
    "bytecode_len",
    "unique_byte_pairs",
    "tx_count",
    "unique_callers",
    "avg_gas",
    "token_transfer_count",
    "distinct_tokens",
    "total_tvl_usd",
    "log_tvl",
    "is_erc20",
    "is_verified",
    "was_traded"
  ],
  "best_depth": 3,
  "dt_auc": 0.9977546296296297,
  "lr_auc": 0.9992453703703704,
  "lr_weights": [
    0.4982079265276809,
    0.28710813763879506,
    -1.248228083944248,
    0.25106303389998125,
    -0.17717718549755174,
    -0.24524110017630144,
    0.23301612472486843,
    0.41943017795748594,
    -0.5138128107772252,
    -1.140093689011813,
    0.0,
    3.770340098665228
  ],
  "lr_intercept": -6.182967050482085,
  "scaler_mean": [
    13210.869584837545,
    230.11958483754512,
    25190.412454873647,
    3274.793772563177,
    70485.4756523684,
    17827.623646209388,
    1.753158844765343,
    13626427.646532217,
    4.087603510834989,
    0.8375451263537906,
    1.0,
    0.10424187725631769
  ],
  "scaler_std": [
    4922.512304665243,
    50.21880513311059,
    518931.5980182387,
    63381.37234891456,
    212497.75476111137,
    383637.5789456798,
    7.9283791406482775,
    369028464.92247236,
    1.2414742577012008,
    0.36886757471320086,
    1.0,
    0.30557406349753735
  ],
  "tree_sql": "CASE\n  WHEN COALESCE(was_traded, 0) <= 0.50 THEN\n  CASE\n    WHEN COALESCE(log_tvl, 0) <= 3.00 THEN\n    CAST(0.000000 AS DOUBLE)\n    ELSE\n    CAST(0.000000 AS DOUBLE)\n  END\n  ELSE\n  CASE\n    WHEN COALESCE(tx_count, 0) <= 629134.50 THEN\n    CASE\n      WHEN COALESCE(avg_gas, 0) <= 41237.18 THEN\n      CAST(0.961076 AS DOUBLE)\n      ELSE\n      CAST(0.996738 AS DOUBLE)\n    END\n    ELSE\n    CAST(0.860585 AS DOUBLE)\n  END\nEND"
}