{
  "feature_cols": [
    "bytecode_len",
    "unique_byte_pairs",
    "tx_count",
    "unique_callers",
    "avg_gas",
    "token_transfer_count",
    "distinct_tokens",
    "total_tvl_usd",
    "log_tvl",
    "is_erc20",
    "is_verified",
    "was_traded"
  ],
  "best_depth": 3,
  "dt_auc": 0.9913571428571428,
  "lr_auc": 0.9991020408163266,
  "lr_weights": [
    0.3377941709112201,
    -0.03465096938959679,
    -0.3824595413917592,
    -1.3017785092220369,
    -0.02383230717925007,
    -0.026524682434441494,
    0.40090363215217617,
    -0.13547720459604481,
    -0.29691353719109764,
    -1.3330024311793982,
    0.0,
    3.627746474098641
  ],
  "lr_intercept": -6.539509840586058,
  "scaler_mean": [
    9324.932149362478,
    214.25956284153006,
    20557.765027322403,
    3563.5364298724953,
    118414.84613426212,
    28266.234972677597,
    7.88023679417122,
    389149471.17661715,
    4.486240565875565,
    0.6261384335154827,
    1.0,
    0.09744990892531877
  ],
  "scaler_std": [
    5872.550932350136,
    63.45259855066988,
    339929.1027092924,
    44328.15689787551,
    500787.56222452776,
    482400.4262205875,
    79.55403790124006,
    9941793995.323471,
    1.518712237300938,
    0.48382754736605543,
    1.0,
    0.2965694255579313
  ],
  "tree_sql": "CASE\n  WHEN COALESCE(was_traded, 0) <= 0.50 THEN\n  CAST(0.000000 AS DOUBLE)\n  ELSE\n  CASE\n    WHEN COALESCE(is_erc20, 0) <= 0.50 THEN\n    CASE\n      WHEN COALESCE(avg_gas, 0) <= 59392.35 THEN\n      CAST(0.995565 AS DOUBLE)\n      ELSE\n      CAST(1.000000 AS DOUBLE)\n    END\n    ELSE\n    CASE\n      WHEN COALESCE(unique_callers, 0) <= 8045.50 THEN\n      CAST(0.985423 AS DOUBLE)\n      ELSE\n      CAST(0.000000 AS DOUBLE)\n    END\n  END\nEND"
}